LISTE DES EMAILS AVEC PLUSIEURS ÉTABLISSEMENTS
Date: 04/02/2026 13:52:03
Total: 72 emails
═════════════════════════════════════════════════════════════

1. contact@cettefamille.com (19 établissements)
   - Maison partagée Alzheimer d’Auch – CetteFamille (Auch) - Gers (32)
   - Maison seniors Nantes – CetteFamille (Nantes) - Loire-Atlantique (44)
   - Maison seniors de Commer (Commer) - Mayenne (53)
   - Maison seniors de Saulges (Saulges) - Mayenne (53)
   - Maison Partagée Séniors (Échauffour) - Orne (61)
   - Maison Partagée Pour Seniors de Sainte-Sévère-Sur-Indre (Résidence partenaire) - Indre (36)
   - Maison seniors Sainte-Sévère-sur-Indre (Sainte-Sévère-sur-Indre) - Indre (36)
   - Maison seniors de Senlis - CetteFamille (Senlis) - Oise (60)
   - Maison seniors Valenciennes - CetteFamille (Valenciennes) - Nord (59)
   - Maison seniors Douai - CetteFamille (Douai) - Nord (59)
   - Maison seniors de Baerenthal (Baerenthal) - Moselle (57)
   - Maison partagée pour seniors du Mans – Cette Famille (Le Mans) - Sarthe (72)
   - Maison seniors CetteFamille – Val des Vignes (Val-des-Vignes (Jurignac)) - Charente (16)
   - Maison seniors de Saint-Martory (CetteFamille) (Saint-Martory) - Haute-Garonne (31)
   - Maison seniors de Mirande – CetteFamille (Mirande) - Gers (32)
   - Maison Seniors Saint-Sornin-Leulac - CetteFamille (Saint-Sornin-Leulac) - Haute-Vienne (87)
   - Maison d’accueil familial – Cette Famille (réseau départemental) (Vendée) - Vendée (85)
   - Maison partagée CetteFamille – Cazouls-lès-Béziers (Cazouls-lès-Béziers) - Hérault (34)
   - CetteFamille (Epinac) - Saône-et-Loire (71)

2. residenceapalib@apa.asso.fr (12 établissements)
   - Résidence autonomie Les Dahlias (Kingersheim) - Haut-Rhin (68)
   - Résidence autonomie Saint-Brice (Illfurth) - Haut-Rhin (68)
   - Résidence autonomie Alfred Wallach (Mulhouse) - Haut-Rhin (68)
   - Résidence autonomie Ange (Colmar) - Haut-Rhin (68)
   - Résidence autonomie APALIB Les Jardins de Daphné (Riedisheim) - Haut-Rhin (68)
   - Résidence autonomie Bartholdi (Colmar) - Haut-Rhin (68)
   - Résidence autonomie Bel Air (Mulhouse) - Haut-Rhin (68)
   - Résidence autonomie le Bois Gentil (Riedisheim) - Haut-Rhin (68)
   - Résidence autonomie Hansi (Mulhouse) - Haut-Rhin (68)
   - Résidence autonomie Les Loges de la Thur Vieux-Thann, HAUT-RHIN (Vieux Thann) - Haut-Rhin (68)
   - Résidence autonomie Le Relais de Poste Lièpvre, HAUT-RHIN (Liepvre) - Haut-Rhin (68)
   - Résidence autonomie Violette Schoen (Mulhouse) - Haut-Rhin (68)

3. info@stella-management.com (7 établissements)
   - Résidence Services Le Cœur de Bagatelle (Suresnes) - Hauts-de-Seine (92)
   - L'étoile du Vignoble (Wintzenheim) - Haut-Rhin (68)
   - Résidence Services Le Pavillon Robertsau (Strasbourg) - Bas-Rhin (67)
   - Résidences STELLA – Anglet (Anglet) - Pyrénées-Atlantiques (64)
   - Résidences STELLA – Les Roses de Massabielle (Lourdes) - Hautes-Pyrénées (65)
   - Les Girandières Cognac (Le Chai des Lumières / STELLA) (Cognac) - Charente (16)
   - Résidence Sénior Stella à Suresnes (Suresnes) - Hauts-de-Seine (92)

4. contact@lacompassion.fr (6 établissements)
   - Résidence autonomie La Roselière (Gouvieux) - Oise (60)
   - Résidence autonomie Le Mont César Bailleul-sur-Thérain, OISE (Bailleul sur-Therain) - Oise (60)
   - Résidence autonomie Le Préclin Compiègne, OISE (Compiegne) - Oise (60)
   - Résidence autonomie Rose de Picardie Saint-Just-en-Chaussée, OISE (Saint Just En Chaussee) - Oise (60)
   - Résidence autonomie La Sablière Coye-la-Forêt, OISE (Coye La Foret) - Oise (60)
   - Résidence autonomie Le Valois Chaumont-en-Vexin, OISE (Chaumont En Vexin) - Oise (60)

5. contact@ccas.mairie-metz.fr (5 établissements)
   - Résidence autonomie Désiremont (Metz) - Moselle (57)
   - Résidence autonomie Grandmaison (Metz) - Moselle (57)
   - Résidence autonomie Saint Nicolas (Metz) - Moselle (57)
   - Résidence autonomie Sainte Croix (Metz) - Moselle (57)
   - Résidence autonomie Haute-Seille (Metz) - Moselle (57)

6. contact@agesetvie.com (5 établissements)
   - Maison Partagée Ages et Vie (Lonlay-l'Abbaye) - Orne (61)
   - Maisons Ages & Vie – Mortagne‑sur‑Sèvre (Mortagne-sur-Sèvre) - Vendée (85)
   - Maisons Ages & Vie – Montaigu‑Vendée (Montaigu-Vendée) - Vendée (85)
   - Maison Ages & Vie de La Meilleraye-de-Bretagne (La Meilleraye-de-Bretagne) - Loire-Atlantique (44)
   - Maison partagée Ages & Vie de Rouffignac-Saint-Cernin-de-Reilhac (Rouffignac-Saint-Cernin-de-Reilhac) - Dordogne (24)

7. rpa@seminor.fr (5 établissements)
   - Résidence autonomie Guy de Maupassant Gruchet-le-Valasse, SEINE-MARITIME (Gruchet Le Valasse) - Seine-Maritime (76)
   - Résidence autonomie Louis Pasteur (Gamaches) - Somme (80)
   - Résidence autonomie Les Sapins Port-Jérôme-sur-Seine, SEINE-MARITIME (Port Jerome sur-Seine) - Seine-Maritime (76)
   - Résidence autonomie Rolland Le Gallais Épouville, SEINE-MARITIME (Epouville) - Seine-Maritime (76)
   - Résidence autonomie Gustave Flaubert Pont-l'Évêque, CALVADOS (Pont Leveque) - Calvados (14)

8. ccas@epinal.fr (4 établissements)
   - Habitat Inclusif à Epinal (Epinal) - Vosges (88)
   - Résidence autonomie Bon Repos Épinal, VOSGES (Epinal) - Vosges (88)
   - Résidence autonomie Le Chapitre Épinal, VOSGES (Epinal) - Vosges (88)
   - Résidence autonomie Sans Souci Épinal, VOSGES (Epinal) - Vosges (88)

9. contact@senioriales.com (4 établissements)
   - Les Senioriales de Bassan (Bassan) - Hérault (34)
   - Les Senioriales de Vias (Vias) - Hérault (34)
   - Résidence Services Senioriales de Salies du Salat (Salies-du-Salat) - Haute-Garonne (31)
   - Les Senioriales de Plérin (Plérin) - Côtes-d'Armor (22)

10. lvd@lesvillagesdor.com (4 établissements)
   - Résidence Services Les Villages d'Or Pont de Claix (Le Pont-de-Claix) - Isère (38)
   - Résidence Services Les Villages d'Or (Grenoble) - Isère (38)
   - Résidence Services Les Villages d'Or (La Crau) - Var (83)
   - Résidence Services Les Villages d'Or La Fare les Oliviers (La Fare-les-Oliviers) - Bouches-du-Rhône (13)

11. assoc-maison-ste-marie@orange.fr (4 établissements)
   - Résidence autonomie Sainte-Marie IV (Mulhouse) - Haut-Rhin (68)
   - Résidence autonomie Sainte-Marie II (Mulhouse) - Haut-Rhin (68)
   - Résidence autonomie Sainte-Marie I (Mulhouse) - Haut-Rhin (68)
   - Résidence autonomie Sainte-Marie (Mulhouse) - Haut-Rhin (68)

12. accueil@amli.asso.fr (3 établissements)
   - Résidence autonomie AMLI (Hagondange) - Moselle (57)
   - Résidence autonomie Les Roses Créhange, MOSELLE (Crehange) - Moselle (57)
   - Résidence autonomie La Falouche Maizières-lès-Metz, MOSELLE (Maizieres Les Metz) - Moselle (57)

13. ccas@evreux.fr (3 établissements)
   - Résidence autonomie Navarre Évreux, EURE (Evreux) - Eure (27)
   - Résidence autonomie La Madeleine Évreux, EURE (Evreux) - Eure (27)
   - Résidence autonomie Maillot Évreux, EURE (Evreux) - Eure (27)

14. location@lesvillagesdor.com (3 établissements)
   - Les Villages d'Or Aucamville (Aucamville) - Haute-Garonne (31)
   - Les Villages d'Or Toulouse Lalande (Toulouse) - Haute-Garonne (31)
   - Les Villages d'Or Toulouse Saint-Simon (Toulouse) - Haute-Garonne (31)

15. stromain@natureetresidencesilver.com (3 établissements)
   - La Clairière de Saint-Romain (Saint-Romain-d'Albon) - Drôme (26)
   - La Clairière de Saint-Romain (Saint-Romain) - Allier (03)
   - La Clairière de Saint-Romain (Saint-Romain) - Calvados (14)

16. info@espaceetvie.fr (3 établissements)
   - Résidence Services (Saint-Égrève) - Isère (38)
   - Résidence Services Pornic (Pornic) - Loire-Atlantique (44)
   - Résidence Services de Pornic (Pornic) - Loire-Atlantique (44)

17. contact@domani-ess.com (3 établissements)
   - Résidences inclusives et partagées pour seniors (Villemoisson-sur-Orge 1) (Villemoisson-sur-Orge) - Essonne (91)
   - Domani Blagnac – Villa Clélia (Blagnac) - Haute-Garonne (31)
   - Appart’ Domani (Épron) - Calvados (14)

18. contact@bonheuretbienetre.com (3 établissements)
   - Résidence autonomie Soleil (Tarare) - Rhône (69)
   - Résidence autonomie Joie de vivre (Tarare) - Rhône (69)
   - Résidence autonomie Bonheur et bien-être (Tarare) - Rhône (69)

19. contact@aquarelia-seniors.com (3 établissements)
   - Résidence Services Aquarelia Toulouse – Saint-Alban (Saint-Alban) - Haute-Garonne (31)
   - Résidence Services Aquarelia Toulouse – Saint-Jory (Saint-Jory) - Haute-Garonne (31)
   - Résidence Services Aquarelia Toulouse - Rangueil (Toulouse) - Haute-Garonne (31)

20. contact@jardins-arcadie.fr (3 établissements)
   - Les Jardins d’Arcadie – Agen (Agen) - Lot-et-Garonne (47)
   - Les Jardins d’Arcadie Dinan (Dinan) - Côtes-d'Armor (22)
   - Les Jardins d’Arcadie Saint‑Brieuc (Saint-Brieuc) - Côtes-d'Armor (22)

21. contact@udaf81.fr (3 établissements)
   - Famille-Gouvernante Udaf 81 – Albi (Albi) - Tarn (81)
   - Famille-Gouvernante Udaf 81 – Castres (Castres) - Tarn (81)
   - Famille-Gouvernante Udaf 81 – Gaillac (Gaillac) - Tarn (81)

22. location@lesvillagesdor.fr (3 établissements)
   - Résidence Services Les Villages d’Or de Montpellier Saint-Hilaire (Montpellier) - Hérault (34)
   - Résidence Services Les Villages d’Or de Pignan (Pignan) - Hérault (34)
   - Résidence Services Les Villages d’Or de Pomérols (Pomérols) - Hérault (34)

23. ccas@ville-lisieux.fr (3 établissements)
   - Résidence autonomie Les Tilleuls (Lisieux) - Calvados (14)
   - Résidence autonomie du Val D'or (Lisieux) - Calvados (14)
   - Résidence autonomie Sainte-Anne (Lisieux) - Calvados (14)

24. location@amli.asso.fr (2 établissements)
   - Résidence autonomie AMLI (Nilvange) - Moselle (57)
   - Résidence autonomie Benoît Frachon (Longlaville) - Meurthe-et-Moselle (54)

25. direction.ra@vesoul.fr (2 établissements)
   - Résidence autonomie le Sabot (Vesoul) - Haute-Saône (70)
   - Résidence autonomie La Motte (Vesoul) - Haute-Saône (70)

26. c.constantin@asveil.fr (2 établissements)
   - Résidence autonomie Sainte-Barbe Freyming-Merlebach, MOSELLE (Freyming Merlebach) - Moselle (57)
   - Résidence autonomie Soleil Freyming-Merlebach, MOSELLE (Freyming Merlebach) - Moselle (57)

27. direction.jeanandrelaupretre@univi.fr (2 établissements)
   - Colocation Senior Chalon-sur-Saône (Chalon-sur-Saône) - Saône-et-Loire (71)
   - Résidence autonomie Jean-André Lauprêtre Chalon-sur-Saône, SAONE-ET-LOIRE (Chalon sur-Saone) - Saône-et-Loire (71)

28. aela@lokiora.fr (2 établissements)
   - Colocation Sequoia (Saint-Mars-du-Désert) - Loire-Atlantique (44)
   - Colocation Loki Ora Saint-Nazaire (Saint-Nazaire) - Loire-Atlantique (44)

29. ciasadmissions@grandannecy.fr (2 établissements)
   - Résidence autonomie La Cour (Annecy) - Haute-Savoie (74)
   - Résidence autonomie Les Pervenches (Annecy) - Haute-Savoie (74)

30. uia@ville-argenteuil.fr (2 établissements)
   - Résidence autonomie Jean Baillet Argenteuil, VAL-D'OISE (Argenteuil) - Val-d'Oise (95)
   - Résidence autonomie Ambroise-Croizat Argenteuil, VAL-D'OISE (Argenteuil) - Val-d'Oise (95)

31. nom@email.com (2 établissements)
   - Béguinage Marie-Blanche (Méral) - Mayenne (53)
   - La Cerisaie de Caen (Caen) - Calvados (14)

32. contact@nohee.fr (2 établissements)
   - Résidence Services Nohée Toulouse (Toulouse) - Haute-Garonne (31)
   - Résidence Services Le Pouliguen (Le Pouliguen) - Loire-Atlantique (44)

33. residence@residencelesvergers.com (2 établissements)
   - Résidence Services Les Vergers (Sens-de-Bretagne) - Ille-et-Vilaine (35)
   - Résidence autonomie Les Vergers Sens-de-Bretagne, ILLE-ET-VILAINE (Sens de Bretagne) - Ille-et-Vilaine (35)

34. contact@maisondeblandine.fr (2 établissements)
   - Résidence Services Maison de Blandine de (Sassenage) - Isère (38)
   - Résidence Services Maison de Blandine de (Rives) - Isère (38)

35. adresse@mail.com (2 établissements)
   - Maison ou Habitat Partagé pour Retraités (Verdun) - Meuse (55)
   - Maison ou Habitat Partagé pour Retraités (Quetigny) - Côte-d'Or (21)

36. direction.generale@afdaim.org (2 établissements)
   - Habitat inclusif AFDAIM – Rieux-Minervois (Rieux-Minervois) - Aude (11)
   - Habitat inclusif AFDAIM – Rieux-Minervois (Rieux-Minervois) - Aude (11)

37. paulbert.hdv@ville-fecamp.fr (2 établissements)
   - Résidence autonomie Hôtel de Ville Fécamp, SEINE-MARITIME (Fecamp) - Seine-Maritime (76)
   - Résidence autonomie Paul Bert Fécamp, SEINE-MARITIME (Fecamp) - Seine-Maritime (76)

38. pyrenees-adour@habitat-humanisme.org (2 établissements)
   - Résidence intergénérationnelle – Pau (Habitat & Humanisme) (Pau) - Pyrénées-Atlantiques (64)
   - Habitat & Humanisme Béarn-Soule – Projet mixte AVP (Pau) - Pyrénées-Atlantiques (64)

39. contact@leshesperides.fr (2 établissements)
   - Résidence Services Les Hespérides Auteuil Mirabeau (Paris) - Paris (75)
   - Résidence Services Les Hespérides Auteuil Chardon-Lagache (Paris) - Paris (75)

40. accueil@marpa37.fr (2 établissements)
   - Résidence autonomie MARPA - Les 2 Aires Souvigny-de-Touraine, INDRE-ET-LOIRE (Souvigny de Touraine) - Indre-et-Loire (37)
   - Marpa-école (Souvigny-de-Touraine) - Indre-et-Loire (37)

41. secretariat@si-plateau-est.fr (2 établissements)
   - Résidence autonomie des Pérêts Le Mesnil-Esnard, SEINE-MARITIME (Le Mesnil Esnard) - Seine-Maritime (76)
   - Résidence autonomie Bellevue (Bonsecours) - Seine-Maritime (76)

42. mairie@mairie-sotteville-les-rouen.fr (2 établissements)
   - Résidence autonomie Roger Sampic Sotteville-lès-Rouen, SEINE-MARITIME (Sotteville Les Rouen) - Seine-Maritime (76)
   - Résidence autonomie Madeleine Riot Sotteville-lès-Rouen, SEINE-MARITIME (Sotteville Les Rouen) - Seine-Maritime (76)

43. direction@marpagamay.fr (2 établissements)
   - Résidence autonomie MARPA - La Sauvagère (Les Monts d'Andaine) - Orne (61)
   - Résidence d’autonomie La Maisounnaïe (MARPA) (Saint-Sauvant) - Vienne (86)

44. nmunyarukato@saint-fons.fr (2 établissements)
   - Résidence autonomie les Cèdres Saint-Fons, METROPOLE DE LYON (Saint Fons) - Rhône (69)
   - Résidence autonomie Le Petit Bois Saint-Fons, METROPOLE DE LYON (Saint Fons) - Rhône (69)

45. residence-madeleine@mairie-larbresle.fr (2 établissements)
   - Résidence autonomie la Madeleine L'Arbresle, RHONE (Larbresle) - Rhône (69)
   - Résidence autonomie la Madeleine L'Arbresle, RHONE (Larbresle) - Rhône (69)

46. jean-francois.fieffe@filieris.fr (2 établissements)
   - Résidence autonomie Filiéris Mollet Billy-Montigny, PAS-DE-CALAIS (Billy Montigny) - Pas-de-Calais (62)
   - Résidence autonomie Filiéris Louis Voisin (Lens) - Pas-de-Calais (62)

47. ccaslogement@ville-boulogne-sur-mer.fr (2 établissements)
   - Résidence autonomie Le Gai Logis Boulogne-sur-Mer, PAS-DE-CALAIS (Boulogne sur-Mer) - Pas-de-Calais (62)
   - Résidence autonomie Patricia Fontaine Boulogne-sur-Mer, PAS-DE-CALAIS (Boulogne sur-Mer) - Pas-de-Calais (62)

48. ccas@ville-saint-omer.fr (2 établissements)
   - Résidence autonomie Maraîchers Saint-Omer, PAS-DE-CALAIS (Saint Omer) - Pas-de-Calais (62)
   - Résidence autonomie Roger Merlier Saint-Omer, PAS-DE-CALAIS (Saint Omer) - Pas-de-Calais (62)

49. accueil@vivadom.net (2 établissements)
   - Maison en partage de Caissargues (Caissargues) - Gard (30)
   - Maison en partage de Saint-Julien-les-Rosiers (Saint-Julien-les-Rosiers) - Gard (30)

50. secretariat@msprotestante.fr (2 établissements)
   - Maison en Partage Le Patio des Hirondelles (Nîmes) - Gard (30)
   - Habitat Inclusif Colorama (Nîmes) - Gard (30)

51. casvp-s20@paris.fr (2 établissements)
   - Résidence autonomie Gambetta Paris 20e (Paris 20e Arrondissement) - Paris (75)
   - Résidence autonomie Saint-Blaise Paris 20e (Paris 20e Arrondissement) - Paris (75)

52. contact@lesessentielles.fr (2 établissements)
   - Résidence Services Les Terrasses d'Adélie (Toulouse) - Haute-Garonne (31)
   - Résidence Services Domaine de Lestang Rouffiac (Rouffiac-Tolosan) - Haute-Garonne (31)

53. contact@floralys.fr (2 établissements)
   - Béguinage Les Boutons d'Or - FLORALYS (Lambres-Lez-Douai) - Nord (59)
   - Le Clos des Lys (Douai) - Nord (59)

54. ccas@remiremont.fr (2 établissements)
   - Résidence autonomie La Paltrée (Remiremont) - Vosges (88)
   - Résidence autonomie Le Parc (Remiremont) - Vosges (88)

55. contact.residence-carlotti@alefpa.fr (2 établissements)
   - Résidence Services Carlotti (Tours) - Indre-et-Loire (37)
   - Résidence Senior La Villa Vaucanson (Tours) - Indre-et-Loire (37)

56. lyon@jardins-arcadie.fr (2 établissements)
   - Résidence Services Les Jardins d'Arcadie - (Mâcon) - Saône-et-Loire (71)
   - Résidence Services Les Jardins d'Arcadie - (Lyon) - Rhône (69)

57. direction@ccas-clermont-ferrand.fr (2 établissements)
   - Résidence autonomie Marie et Marius Viple Clermont-Ferrand, PUY-DE-DOME (Clermont Ferrand) - Puy-de-Dôme (63)
   - Résidence autonomie Alexandre Varenne Clermont-Ferrand, PUY-DE-DOME (Clermont Ferrand) - Puy-de-Dôme (63)

58. contact.dpo@dynacite.fr (2 établissements)
   - Les Camélias (Ambérieu-en-Bugey) - Ain (01)
   - Résidence Jacques Chirac (Oyonnax) - Ain (01)

59. residence-lecastellas@france-horizon.fr (2 établissements)
   - Résidence autonomie Le Castellas (Montredon-des-Corbières) - Aude (11)
   - Résidence autonomie Le Castellas (Montredon-des-Corbières) - Aude (11)

60. carcassonne@jardins-arcadie.fr (2 établissements)
   - Les Jardins d’Arcadie – La Belle Époque (Carcassonne) - Aude (11)
   - Les Jardins d’Arcadie – La Belle Époque (Carcassonne) - Aude (11)

61. morbihan@habitat-humanisme.org (2 établissements)
   - Habitat inclusif « La Maison Bleue » – Résidence Langeron (Carcassonne) - Aude (11)
   - Habitat inclusif « La Maison Bleue » – Résidence Langeron (Carcassonne) - Aude (11)

62. contact.narbonne@cosydiem.fr (2 établissements)
   - COSY DIEM – Quai Vallière (Narbonne) - Aude (11)
   - COSY DIEM – Quai Vallière (Narbonne) - Aude (11)

63. florine.donda@probtp.com (2 établissements)
   - Résidence autonomie Mieux Vivre (PRO BTP) (Le Bouscat) - Gironde (33)
   - Résidence autonomie La Bérengère (PRO BTP) (Le Bouscat) - Gironde (33)

64. contact@habitatdelavienne.fr (2 établissements)
   - Les Petits Prés de Valence – Village seniors inclusif (Valence-en-Poitou) - Vienne (86)
   - Résidence Ebadi – Mignaloux‑Beauvoir (habitat inclusif) (Mignaloux-Beauvoir) - Vienne (86)

65. marseille@jardins-arcadie.fr (2 établissements)
   - Résidence Services Les Jardins d'Arcadie - (Marseille) - Bouches-du-Rhône (13)
   - Résidence Services Les Jardins d'Arcadie - (Marseille) - Bouches-du-Rhône (13)

66. mairie.quettehou@wanadoo.fr (2 établissements)
   - Résidence autonomie Quettehou (Quettehou) - Manche (50)
   - Résidence autonomie de Quettehou (Quettehou) - Manche (50)

67. contact@ccas-niort.fr (2 établissements)
   - Résidence autonomie d'Artimon et Brizeaux (Niort) - Deux-Sèvres (79)
   - Résidence autonomie La Coudraie (Niort) - Deux-Sèvres (79)

68. polepreventionseniors@bourgenbresse.fr (2 établissements)
   - Résidence autonomie Gustave Monnet Bourg-en-Bresse, AIN (Bourg En Bresse) - Ain (01)
   - Résidence autonomie Jean Bollard Bourg-en-Bresse, AIN (Bourg En Bresse) - Ain (01)

69. ccas.residences.seniors@mairie-saintdizier.fr (2 établissements)
   - Résidence autonomie La Noue Saint-Dizier, HAUTE-MARNE (Saint Dizier) - Haute-Marne (52)
   - Résidence autonomie Ambroise Croizat Saint-Dizier, HAUTE-MARNE (Saint Dizier) - Haute-Marne (52)

70. fcales@saint-malo.fr (2 établissements)
   - Résidence autonomie Jean XXIII Saint-Malo, ILLE-ET-VILAINE (Saint Malo) - Ille-et-Vilaine (35)
   - Résidence autonomie Ernest Renan Saint-Malo, ILLE-ET-VILAINE (Saint Malo) - Ille-et-Vilaine (35)

71. laurence.rezard@apf.asso.fr (2 établissements)
   - HABITAT INCLUSIF LE CANNET (Le Cannet) - Alpes-Maritimes (06)
   - Résidence Ocarina (Le Cannet) - Alpes-Maritimes (06)

72. ccas@terres-de-caux.fr (2 établissements)
   - Résidence autonomie Béguinage Terres-de-Caux, SEINE-MARITIME (Terres de Caux) - Seine-Maritime (76)
   - Résidence autonomie Cour Souveraine Terres-de-Caux, SEINE-MARITIME (Terres de Caux) - Seine-Maritime (76)

